time,open,high,low,close,Plot,Plot,Plot,Plot,SMA #1,SMA #2,SMA #3,VWAP
2024-01-19T13:30:00-05:00,4825.33,4832.43,4825.33,4832.2,NaN,NaN,NaN,NaN,4806.292999999995,4763.036400000001,4750.818449999996,4802.216994088962
2024-01-19T14:00:00-05:00,4832.21,4842.07,4831.1,4835.37,NaN,NaN,NaN,NaN,4811.734999999995,4764.207600000001,4751.057899999996,4805.06703340336
2024-01-19T14:30:00-05:00,4835.74,4838.03,4829.18,4837.9,NaN,NaN,NaN,NaN,4816.071999999995,4765.394000000001,4751.294099999996,4807.380415060636
2024-01-19T15:00:00-05:00,4837.84,4840.97,4834.19,4836.97,NaN,NaN,NaN,NaN,4820.190999999995,4766.6238,4751.535949999996,4809.973536818064
2024-01-19T15:30:00-05:00,4837.09,4840.12,4834.6,4839.02,NaN,NaN,NaN,1e+21,4824.235999999995,4768.0326000000005,4751.788649999996,4814.992663495026
2024-01-19T16:00:00-05:00,4839.67,4839.82,4839.67,4839.82,NaN,NaN,NaN,NaN,4827.773999999995,4769.616600000001,4752.028299999995,4819.011244383505
2024-01-22T09:30:00-05:00,4853.42,4867.86,4853.42,4866.62,NaN,NaN,NaN,NaN,4833.9999999999945,4771.8292,4752.410599999996,4862.361544455878
2024-01-22T10:00:00-05:00,4866.76,4868.41,4858.77,4860.1,NaN,NaN,NaN,NaN,4839.097999999995,4773.7102,4752.773949999995,4862.489404882832
2024-01-22T10:30:00-05:00,4858.62,4859.26,4849.62,4850.94,NaN,NaN,NaN,NaN,4842.414999999995,4775.5932,4753.1099499999955,4860.357249133296
2024-01-22T11:00:00-05:00,4851.01,4857.04,4847.19,4856.17,NaN,1e+21,NaN,NaN,4845.510999999995,4777.6728,4753.473999999996,4859.145146384423
2024-01-22T11:30:00-05:00,4856.37,4857.63,4851.22,4856.46,NaN,NaN,NaN,NaN,4847.936999999995,4779.610000000001,4753.826699999996,4858.587829135527
2024-01-22T12:00:00-05:00,4856.52,4857.45,4848.78,4854.9,NaN,NaN,1e+21,NaN,4849.889999999995,4781.5722000000005,4754.176249999996,4858.088149988511
2024-01-22T12:30:00-05:00,4854.93,4856.06,4851.12,4853.47,NaN,NaN,NaN,NaN,4851.446999999995,4783.321,4754.581049999996,4857.709514809331
2024-01-22T13:00:00-05:00,4853.5,4853.5,4844.05,4844.79,NaN,NaN,NaN,NaN,4852.228999999995,4784.897000000001,4755.015499999997,4857.111511773761
2024-01-22T13:30:00-05:00,4844.69,4855.19,4844.55,4854.15,NaN,NaN,NaN,NaN,4853.741999999995,4787.406800000001,4755.483549999996,4856.6586533425625
2024-01-22T14:00:00-05:00,4854.33,4855.59,4846.52,4851.56,NaN,NaN,NaN,NaN,4854.915999999996,4789.75,4755.971399999996,4856.324812618087
2024-01-22T14:30:00-05:00,4851.55,4853.23,4848.61,4852.09,NaN,NaN,NaN,NaN,4853.462999999995,4792.069200000001,4756.414949999997,4855.977679860272
2024-01-22T15:00:00-05:00,4852.3,4857.43,4849.16,4856.8,NaN,NaN,NaN,NaN,4853.132999999996,4794.3786,4756.882149999996,4855.747629687022
2024-01-22T15:30:00-05:00,4856.83,4857.39,4849.86,4850.49,NaN,NaN,NaN,1e+21,4853.087999999995,4796.629199999999,4757.291799999996,4855.174085701055
2024-01-22T16:00:00-05:00,4850.62,4850.62,4850.44,4850.44,NaN,NaN,NaN,NaN,4852.514999999995,4799.0152,4757.700499999996,4854.491495303118
2024-01-23T09:30:00-05:00,4856.8,4858.98,4850.73,4855.49,NaN,NaN,NaN,NaN,4852.417999999995,4801.467799999999,4758.1077499999965,4854.6213144338
2024-01-23T10:00:00-05:00,4855.67,4858.01,4850.43,4854.1,NaN,NaN,NaN,NaN,4852.337999999995,4804.0902,4758.499149999996,4854.619841063693
2024-01-23T10:30:00-05:00,4854.21,4854.33,4845.97,4847.8,NaN,NaN,NaN,NaN,4851.770999999995,4806.5996,4758.876049999996,4853.238360765293
2024-01-23T11:00:00-05:00,4847.88,4852.03,4844.8,4845.89,NaN,1e+21,NaN,NaN,4851.880999999996,4808.949799999999,4759.256399999997,4852.293624918172
2024-01-23T11:30:00-05:00,4845.86,4850.88,4844.37,4850.79,NaN,NaN,NaN,NaN,4851.544999999996,4811.348,4759.813799999996,4851.596071758702
2024-01-23T12:00:00-05:00,4850.76,4851.02,4846.61,4847.77,NaN,NaN,1e+21,NaN,4851.165999999996,4813.8088,4760.371399999996,4851.293650815852
2024-01-23T12:30:00-05:00,4847.81,4855.29,4846.41,4854.84,NaN,NaN,NaN,NaN,4851.440999999995,4816.1274,4760.971899999997,4851.165865214377
2024-01-23T13:00:00-05:00,4854.82,4855.32,4852.14,4852.95,NaN,NaN,NaN,NaN,4851.055999999995,4818.401999999999,4761.5310999999965,4851.362042147388
2024-01-23T13:30:00-05:00,4853.06,4855.6,4851.14,4855.33,NaN,NaN,NaN,NaN,4851.539999999995,4820.4094,4762.060849999997,4851.505204971026
2024-01-23T14:00:00-05:00,4855.31,4856.06,4852.03,4853.47,NaN,NaN,NaN,NaN,4851.842999999995,4822.326,4762.590499999997,4851.671374837495
2024-01-23T14:30:00-05:00,4853.51,4860.29,4851.97,4858.84,NaN,NaN,NaN,NaN,4852.177999999995,4824.325,4763.162749999997,4852.007639356522
2024-01-23T15:00:00-05:00,4858.85,4864.78,4857.52,4862.19,NaN,NaN,NaN,NaN,4852.9869999999955,4826.307199999999,4763.749649999997,4852.840685384694
2024-01-23T15:30:00-05:00,4862.1,4866.48,4858.91,4864.06,NaN,NaN,NaN,1e+21,4854.612999999996,4828.373,4764.373499999996,4854.657465376168
2024-01-23T16:00:00-05:00,4864.32,4864.62,4864.32,4864.61,NaN,NaN,NaN,NaN,4856.484999999995,4830.632799999999,4765.011499999996,4855.899104447054
2024-01-24T09:30:00-05:00,4888.56,4893.6,4885.65,4887.07,NaN,NaN,NaN,NaN,4860.112999999996,4833.421599999999,4765.810249999996,4889.173801963959
2024-01-24T10:00:00-05:00,4887.06,4891.38,4880.06,4890.88,NaN,NaN,NaN,NaN,4864.423999999995,4836.3744,4766.630749999996,4888.143848562759
2024-01-24T10:30:00-05:00,4890.96,4901.29,4889.83,4895.15,NaN,NaN,NaN,NaN,4868.4549999999945,4839.1628,4767.397249999996,4889.946417313538
2024-01-24T11:00:00-05:00,4895.13,4897.76,4890.78,4895.22,NaN,1e+21,NaN,NaN,4872.681999999995,4841.6208,4768.159249999996,4890.7956857658855
2024-01-24T11:30:00-05:00,4895.26,4899.56,4892.91,4899.06,NaN,NaN,NaN,NaN,4877.054999999995,4844.1334,4769.072949999996,4891.45735798903
2024-01-24T12:00:00-05:00,4898.99,4900.72,4894.21,4898.92,NaN,NaN,1e+21,NaN,4881.599999999995,4846.5174,4770.001549999996,4892.15267295775
2024-01-24T12:30:00-05:00,4899.04,4903.68,4899.04,4903.15,NaN,NaN,NaN,NaN,4886.030999999995,4848.971399999999,4770.960049999996,4893.0110800991115
2024-01-24T13:00:00-05:00,4903.24,4903.26,4890.77,4895.93,NaN,NaN,NaN,NaN,4889.404999999995,4851.271,4771.8658499999965,4893.243799328242
2024-01-24T13:30:00-05:00,4895.94,4896.1,4885.42,4888.93,NaN,NaN,NaN,NaN,4891.891999999995,4853.159000000001,4772.7574499999955,4892.907813826623
2024-01-24T14:00:00-05:00,4888.94,4889.31,4875.72,4877.7,NaN,NaN,NaN,NaN,4893.2009999999955,4854.7973999999995,4773.580299999996,4892.058183738341
2024-01-24T14:30:00-05:00,4877.67,4886.13,4876,4880.87,NaN,NaN,NaN,NaN,4892.580999999996,4856.4434,4774.378349999996,4891.25523019487
2024-01-24T15:00:00-05:00,4880.93,4884.21,4869.76,4870.45,NaN,NaN,NaN,NaN,4890.537999999995,4857.7636,4775.124549999996,4889.878150280592
2024-01-24T15:30:00-05:00,4870.51,4879.46,4865.94,4869.02,NaN,NaN,NaN,1e+21,4887.924999999996,4859.0568,4775.878449999996,4886.638978759987
2024-01-24T16:00:00-05:00,4869.13,4869.13,4868.54,4868.54,NaN,NaN,NaN,NaN,4885.256999999996,4860.245199999999,4776.584149999996,4884.307539291776
2024-01-25T09:30:00-05:00,4886.66,4891.28,4882.81,4887.32,NaN,NaN,NaN,NaN,4884.082999999996,4861.6362,4777.4208999999955,4888.01841760942
2024-01-25T10:00:00-05:00,4888.15,4898.15,4884.85,4895.87,NaN,NaN,NaN,NaN,4883.777999999996,4863.0494,4778.347949999996,4889.409880538278
2024-01-25T10:30:00-05:00,4895.96,4896.79,4884.19,4887.27,NaN,NaN,NaN,NaN,4882.189999999995,4864.1508,4779.262549999996,4889.185104889735
2024-01-25T11:00:00-05:00,4887.24,4893.54,4883.61,4893.25,NaN,1e+21,NaN,NaN,4881.921999999995,4865.3084,4780.204699999996,4889.159091066697
2024-01-25T11:30:00-05:00,4893.29,4896.09,4888.62,4891.38,NaN,NaN,NaN,NaN,4882.166999999995,4866.378,4781.130849999996,4889.59032008641
2024-01-25T12:00:00-05:00,4891.45,4892.89,4879.99,4881.84,NaN,NaN,1e+21,NaN,4882.580999999995,4867.2754,4781.964649999995,4888.976822059522
2024-01-25T12:30:00-05:00,4881.87,4883.22,4876.83,4881.07,NaN,NaN,NaN,NaN,4882.600999999995,4868.1164,4782.790949999996,4888.009639270018
2024-01-25T13:00:00-05:00,4881.12,4888.43,4875.98,4877.99,NaN,NaN,NaN,NaN,4883.354999999995,4868.8798,4783.562649999995,4887.42791699571
2024-01-25T13:30:00-05:00,4877.99,4883.46,4873.48,4874.63,NaN,NaN,NaN,NaN,4883.915999999996,4869.04,4784.3653499999955,4886.76258184566
2024-01-25T14:00:00-05:00,4874.77,4877.7,4869.34,4876.91,NaN,NaN,NaN,NaN,4884.752999999995,4869.3762,4785.185199999996,4885.718892270827
2024-01-25T14:30:00-05:00,4876.93,4881.76,4873.42,4881.71,NaN,NaN,NaN,NaN,4884.191999999995,4869.991599999999,4786.050699999996,4885.109145057392
2024-01-25T15:00:00-05:00,4881.75,4883.79,4878.51,4880.64,NaN,NaN,NaN,NaN,4882.668999999994,4870.481,4786.902599999996,4884.819635227673
2024-01-25T15:30:00-05:00,4880.67,4895.04,4879.83,4895.04,NaN,NaN,NaN,1e+21,4883.4459999999945,4871.2526,4787.836199999996,4885.551820373417
2024-01-25T16:00:00-05:00,4894.98,4894.98,4894.16,4894.17,NaN,NaN,NaN,NaN,4883.537999999995,4872.038,4788.792849999995,4886.59821576516
2024-01-26T09:30:00-05:00,4888.91,4897.94,4887.74,4892.53,NaN,NaN,NaN,NaN,4883.652999999995,4872.8192,4789.735949999996,4893.257251118409
2024-01-26T10:00:00-05:00,4892.73,4897.8,4885.86,4897.39,NaN,NaN,NaN,NaN,4885.207999999995,4873.8712,4790.723899999995,4892.481772910493
2024-01-26T10:30:00-05:00,4897.36,4906.01,4896.68,4906.01,NaN,NaN,NaN,NaN,4887.701999999996,4874.9084,4791.807699999996,4894.865873121561
2024-01-26T11:00:00-05:00,4906.01,4906.69,4899.26,4902.4,NaN,1e+21,NaN,NaN,4890.142999999995,4875.925200000001,4792.876249999996,4896.0737032119105
2024-01-26T11:30:00-05:00,4902.45,4903.57,4896.59,4902.82,NaN,NaN,NaN,NaN,4892.961999999995,4876.9398,4793.892499999996,4896.6533865613765
2024-01-26T12:00:00-05:00,4902.81,4904.43,4898.32,4899.39,NaN,NaN,1e+21,NaN,4895.209999999995,4877.7916,4794.826299999996,4897.186440212924
2024-01-26T12:30:00-05:00,4899.49,4899.49,4882.93,4885.84,NaN,NaN,NaN,NaN,4895.622999999994,4878.4986,4795.659899999996,4896.370748068096
2024-01-26T13:00:00-05:00,4885.84,4890.48,4883.5,4889.23,NaN,NaN,NaN,NaN,4896.4819999999945,4879.2744,4796.561399999996,4895.624961073711
2024-01-26T13:30:00-05:00,4889.38,4890.38,4881.47,4885.3,NaN,NaN,NaN,NaN,4895.507999999994,4879.8706,4797.461599999996,4894.906683753596
2024-01-26T14:00:00-05:00,4885.25,4889.91,4885.1,4887.41,NaN,NaN,NaN,NaN,4894.831999999994,4880.5368,4798.4451999999965,4894.40564955917
2024-01-26T14:30:00-05:00,4887.38,4896.75,4885.21,4895.26,NaN,NaN,NaN,NaN,4895.104999999994,4881.486,4799.456599999996,4894.222090618739
2024-01-26T15:00:00-05:00,4895.29,4895.77,4889.28,4890.08,NaN,NaN,NaN,NaN,4894.373999999994,4882.3697999999995,4800.430199999996,4894.13684741363
2024-01-26T15:30:00-05:00,4890.1,4892.67,4886.25,4890.06,NaN,NaN,NaN,1e+21,4892.778999999994,4883.155199999999,4801.376849999997,4893.323164706165
2024-01-26T16:00:00-05:00,4890.66,4890.97,4890.66,4890.96,NaN,NaN,NaN,NaN,4891.634999999995,4884.018999999999,4802.335349999997,4893.019819564183
2024-01-29T09:30:00-05:00,4892.05,4897.67,4890.04,4896.46,NaN,NaN,NaN,NaN,4890.998999999994,4884.851399999999,4803.392099999996,4894.56495260175
2024-01-29T10:00:00-05:00,4896.78,4898.44,4889.96,4892.3,NaN,NaN,NaN,NaN,4890.2899999999945,4885.6384,4804.420099999997,4894.745258541996
2024-01-29T10:30:00-05:00,4892.47,4894.9,4887.89,4888.82,NaN,NaN,NaN,NaN,4890.587999999994,4886.3081999999995,4805.380949999997,4893.704975627685
2024-01-29T11:00:00-05:00,4888.93,4893.95,4887.4,4893.54,NaN,1e+21,NaN,NaN,4891.018999999994,4887.1096,4806.362499999997,4893.2024042636785
2024-01-29T11:30:00-05:00,4893.39,4897.62,4893.27,4897.14,NaN,NaN,NaN,NaN,4892.202999999994,4887.875599999999,4807.273349999998,4893.5381636885295
2024-01-29T12:00:00-05:00,4897.17,4900.48,4894.95,4898.18,NaN,NaN,1e+21,NaN,4893.279999999994,4888.5954,4808.178049999998,4893.960084153392
2024-01-29T12:30:00-05:00,4898.28,4901.48,4895.22,4897.54,NaN,NaN,NaN,NaN,4893.507999999994,4889.264999999999,4809.061299999998,4894.414220911202
2024-01-29T13:00:00-05:00,4897.54,4900.22,4894.56,4899.89,NaN,NaN,NaN,NaN,4894.488999999994,4889.9706,4809.954949999998,4894.657104124327
2024-01-29T13:30:00-05:00,4899.91,4901,4897.61,4897.62,NaN,NaN,NaN,NaN,4895.2449999999935,4890.181599999999,4810.812149999998,4895.0148572329
2024-01-29T14:00:00-05:00,4897.65,4904.69,4896.77,4903.52,NaN,NaN,NaN,NaN,4896.500999999995,4890.434399999999,4811.7064999999975,4895.533127374823
2024-01-29T14:30:00-05:00,4903.67,4906.53,4903.11,4904.75,NaN,NaN,NaN,NaN,4897.329999999994,4890.626399999999,4812.569699999998,4896.239811003821
2024-01-29T15:00:00-05:00,4905.07,4929.31,4905.03,4925.1,NaN,NaN,NaN,NaN,4900.609999999994,4891.223999999999,4813.539399999998,4898.9720730078825
2024-01-29T15:30:00-05:00,4925.14,4929.03,4919.89,4928.21,NaN,NaN,NaN,1e+21,4904.548999999994,4891.806999999999,4814.491849999998,4903.85360098454
2024-01-29T16:00:00-05:00,4928.23,4928.23,4927.89,4927.94,NaN,NaN,NaN,NaN,4907.988999999993,4892.387399999999,4815.398649999997,4907.723337621478
2024-01-30T09:30:00-05:00,4924.81,4928.85,4921.94,4928.42,NaN,NaN,NaN,NaN,4911.116999999994,4892.892799999999,4816.267649999998,4926.099098102124
2024-01-30T10:00:00-05:00,4929.52,4929.52,4919.06,4923,NaN,NaN,NaN,NaN,4913.598999999994,4893.4342,4817.113799999997,4925.083894168169
2024-01-30T10:30:00-05:00,4923.01,4924.56,4918.78,4921.79,NaN,NaN,NaN,NaN,4916.023999999994,4894.091399999999,4817.9079999999985,4924.246868634603
2024-01-30T11:00:00-05:00,4921.84,4926.25,4919.93,4925.72,NaN,1e+21,NaN,NaN,4918.6069999999945,4895.051799999998,4818.718849999998,4923.996664868926
2024-01-30T11:30:00-05:00,4925.75,4930.05,4925.04,4928.59,NaN,NaN,NaN,NaN,4921.703999999993,4896.006199999999,4819.671399999998,4924.48745890931
2024-01-30T12:00:00-05:00,4928.62,4929.84,4920.54,4920.9,NaN,NaN,1e+21,NaN,4923.441999999994,4897.015199999999,4820.565699999999,4924.717508752202
2024-01-30T12:30:00-05:00,4920.96,4921.72,4916.83,4919.03,NaN,NaN,NaN,NaN,4924.8699999999935,4898.015399999999,4821.463449999999,4924.233162829422
2024-01-30T13:00:00-05:00,4919.03,4924.46,4916.27,4924.07,NaN,NaN,NaN,NaN,4924.7669999999935,4899.125999999999,4822.334849999998,4923.906109126713
2024-01-30T13:30:00-05:00,4924.11,4925.29,4920.63,4922.28,NaN,NaN,NaN,NaN,4924.173999999994,4899.825199999999,4823.152899999999,4923.833570759793
2024-01-30T14:00:00-05:00,4922.29,4927.99,4919.95,4927.31,NaN,NaN,NaN,NaN,4924.1109999999935,4900.453999999999,4823.995199999999,4923.852800018343
2024-01-30T14:30:00-05:00,4927.39,4929.89,4926.54,4928.98,NaN,NaN,NaN,NaN,4924.166999999993,4901.288199999999,4824.83995,4924.165908736912
2024-01-30T15:00:00-05:00,4928.98,4931.09,4924.98,4929.15,NaN,NaN,NaN,NaN,4924.781999999994,4902.0062,4825.709349999999,4924.391960593044
2024-01-30T15:30:00-05:00,4929.15,4929.63,4922.92,4924.61,NaN,NaN,NaN,1e+21,4925.063999999993,4902.6708,4826.534599999999,4924.544732642155
2024-01-30T16:00:00-05:00,4924.33,4924.96,4924.33,4924.96,NaN,NaN,NaN,NaN,4924.987999999993,4903.533199999999,4827.39485,4924.570281979085
2024-01-31T09:30:00-05:00,4899.19,4906.75,4891.08,4893.07,NaN,NaN,NaN,NaN,4921.435999999993,4903.773199999999,4828.088049999999,4898.912056242718
2024-01-31T10:00:00-05:00,4892.76,4893.58,4886.79,4887.83,NaN,NaN,NaN,NaN,4918.1289999999935,4903.969999999998,4828.7557,4895.775244877226
2024-01-31T10:30:00-05:00,4887.72,4889.44,4879.14,4882.33,NaN,NaN,NaN,NaN,4914.4589999999935,4904.123999999999,4829.38625,4892.629885591236
2024-01-31T11:00:00-05:00,4882.36,4890.07,4882.13,4885.12,NaN,1e+21,NaN,NaN,4910.563999999993,4904.288199999999,4830.029299999999,4891.706165634973
2024-01-31T11:30:00-05:00,4885.5,4885.85,4878.84,4883.21,NaN,NaN,NaN,NaN,4906.656999999994,4904.3182,4830.6241,4890.519803544948
2024-01-31T12:00:00-05:00,4883.11,4888.69,4883.02,4887.98,NaN,NaN,1e+21,NaN,4902.723999999994,4904.464999999999,4831.243699999999,4890.121758025848
2024-01-31T12:30:00-05:00,4888.04,4888.59,4880.84,4888.5,NaN,NaN,NaN,NaN,4898.675999999994,4904.334199999999,4831.8426,4889.652456472167
2024-01-31T13:00:00-05:00,4888.47,4892.25,4885.64,4886.88,NaN,NaN,NaN,NaN,4894.448999999993,4904.188399999999,4832.453299999999,4889.6088622231
2024-01-31T13:30:00-05:00,4886.84,4891.68,4885.81,4889.25,NaN,NaN,NaN,NaN,4890.912999999994,4904.122799999999,4833.0696499999995,4889.5411598642695
2024-01-31T14:00:00-05:00,4889.24,4892.54,4871.94,4876.26,NaN,NaN,NaN,NaN,4886.042999999993,4903.700199999999,4833.6111,4888.523140363731
2024-01-31T14:30:00-05:00,4876.24,4904.74,4873.44,4880.07,NaN,NaN,NaN,NaN,4884.742999999993,4903.181399999999,4834.1579,4888.732175100228
2024-01-31T15:00:00-05:00,4880.67,4880.67,4852.16,4861.67,NaN,NaN,NaN,NaN,4882.126999999994,4902.3668,4834.61795,4885.830583710274
2024-01-31T15:30:00-05:00,4861.53,4862.42,4845.54,4845.98,NaN,NaN,NaN,1e+21,4878.491999999994,4901.23,4834.97585,4879.315414430647
2024-01-31T16:00:00-05:00,4845.15,4845.66,4845.15,4845.66,NaN,NaN,NaN,NaN,4874.545999999994,4900.1554,4835.2915,4872.136697397625
2024-02-01T09:30:00-05:00,4862.61,4872.11,4862.44,4866.18,NaN,NaN,NaN,NaN,4872.842999999995,4899.762199999999,4835.6757,4868.217162443847
2024-02-01T10:00:00-05:00,4861.96,4876.4,4857.83,4876.32,NaN,NaN,NaN,NaN,4871.676999999994,4899.503999999999,4836.161150000001,4868.969854144473
2024-02-01T10:30:00-05:00,4876.3,4876.59,4855.67,4855.67,NaN,NaN,NaN,NaN,4868.393999999995,4898.9114,4836.51605,4868.920235027252
2024-02-01T11:00:00-05:00,4855.69,4861.64,4853.52,4860.59,NaN,1e+21,NaN,NaN,4865.764999999994,4898.374999999999,4836.9017,4866.840160509976
2024-02-01T11:30:00-05:00,4860.68,4872.85,4860.68,4871.48,NaN,NaN,NaN,NaN,4863.987999999995,4897.8994,4837.35735,4867.0924758693955
2024-02-01T12:00:00-05:00,4871.54,4887.45,4871.54,4879.59,NaN,NaN,1e+21,NaN,4864.3209999999945,4897.6896,4837.92245,4868.70741792823
2024-02-01T12:30:00-05:00,4879.52,4896.83,4878.68,4888.51,NaN,NaN,NaN,NaN,4865.1649999999945,4897.6586,4838.57975,4870.587825586861
2024-02-01T13:00:00-05:00,4888.46,4889.22,4877.3,4885.09,NaN,NaN,NaN,NaN,4867.506999999995,4897.5412,4839.26695,4871.623226851744
2024-02-01T13:30:00-05:00,4884.95,4890.33,4879.5,4887.04,NaN,NaN,NaN,NaN,4871.612999999995,4897.352799999999,4839.9869499999995,4872.691154302567
2024-02-01T14:00:00-05:00,4888,4894.11,4886.89,4889.1,NaN,NaN,NaN,NaN,4875.956999999995,4897.288799999999,4840.70075,4874.035696468367
2024-02-01T14:30:00-05:00,4889.14,4900.26,4886.06,4899.86,NaN,NaN,NaN,NaN,4879.324999999995,4897.509599999999,4841.4181499999995,4875.460802516056
2024-02-01T15:00:00-05:00,4899.98,4904.44,4897.51,4901.81,NaN,NaN,NaN,NaN,4881.873999999995,4897.674999999999,4842.10455,4877.472492565268
2024-02-01T15:30:00-05:00,4901.86,4906.56,4895.79,4906.35,NaN,NaN,NaN,1e+21,4886.9419999999955,4897.859199999999,4842.763849999999,4881.612087162977
2024-02-01T16:00:00-05:00,4906.97,4906.97,4906.18,4906.18,NaN,NaN,NaN,NaN,4891.500999999995,4898.019199999999,4843.40695,4884.825182085875
2024-02-02T09:30:00-05:00,4916.06,4925.11,4907.99,4920.79,NaN,NaN,NaN,NaN,4896.431999999995,4898.484199999999,4844.088449999999,4915.666794617831
2024-02-02T10:00:00-05:00,4919.64,4928.4,4915.07,4923.8,NaN,NaN,NaN,NaN,4900.852999999995,4898.9624,4844.82895,4917.68435831776
2024-02-02T10:30:00-05:00,4923.9,4939.18,4918.57,4937.03,NaN,NaN,NaN,NaN,4905.704999999995,4899.750599999999,4845.6155,4920.857312979878
2024-02-02T11:00:00-05:00,4937.19,4944.48,4932.11,4944.41,NaN,1e+21,NaN,NaN,4911.636999999995,4900.5684,4846.4364,4923.481884997071
2024-02-02T11:30:00-05:00,4944.18,4955.62,4944.18,4950.84,NaN,NaN,NaN,NaN,4918.016999999994,4901.490199999999,4847.2519,4927.054633622445
2024-02-02T12:00:00-05:00,4950.88,4959.04,4947.29,4958.75,NaN,NaN,1e+21,NaN,4924.9819999999945,4902.163199999999,4848.1413999999995,4929.638994376945
2024-02-02T12:30:00-05:00,4958.75,4961.13,4938.36,4950.99,NaN,NaN,NaN,NaN,4930.094999999996,4902.618799999999,4849.025,4931.6225712781525
2024-02-02T13:00:00-05:00,4951.03,4959.8,4950.55,4952.57,NaN,NaN,NaN,NaN,4935.170999999995,4903.1114,4849.87705,4933.518992593956
2024-02-02T13:30:00-05:00,4952.56,4958.72,4948.81,4957.94,NaN,NaN,NaN,NaN,4940.3299999999945,4903.701799999999,4850.803,4935.007114076396
2024-02-02T14:00:00-05:00,4957.98,4968.49,4957.98,4964.73,NaN,NaN,NaN,NaN,4946.184999999995,4904.5364,4851.74925,4937.034528748009
2024-02-02T14:30:00-05:00,4964.58,4971.93,4964.14,4971.69,NaN,NaN,NaN,NaN,4951.274999999995,4905.534399999999,4852.7187,4939.250033075164
2024-02-02T15:00:00-05:00,4971.91,4975.29,4966.98,4973.87,NaN,NaN,NaN,NaN,4956.281999999995,4906.497399999998,4853.6766,4941.705632798867
2024-02-02T15:30:00-05:00,4973.88,4973.88,4958.36,4958.99,NaN,NaN,NaN,1e+21,4958.477999999994,4907.105399999999,4854.54135,4945.427419585786
2024-02-02T16:00:00-05:00,4958.55,4958.63,4958.55,4958.62,NaN,NaN,NaN,NaN,4959.898999999995,4907.859799999999,4855.4062,4947.0834396470045
2024-02-05T09:30:00-05:00,4957.19,4957.19,4944.68,4950.33,NaN,NaN,NaN,NaN,4959.847999999994,4908.485799999999,4856.2621,4949.140218445419
2024-02-05T10:00:00-05:00,4947.8,4948.07,4923.47,4928.94,NaN,NaN,NaN,NaN,4956.866999999994,4908.583199999999,4857.01565,4942.868090406667
2024-02-05T10:30:00-05:00,4928.68,4930.23,4918.09,4923.85,NaN,NaN,NaN,NaN,4954.152999999994,4908.614599999999,4857.71925,4938.471835647559
2024-02-05T11:00:00-05:00,4923.89,4933.36,4922.43,4928.3,NaN,1e+21,NaN,NaN,4951.725999999994,4908.634399999999,4858.44155,4936.854758295514
2024-02-05T11:30:00-05:00,4928.24,4936.83,4928.21,4936.48,NaN,NaN,NaN,NaN,4949.5799999999945,4908.784399999999,4859.31495,4936.388294086976
2024-02-05T12:00:00-05:00,4936.6,4942,4935.61,4941.96,NaN,NaN,1e+21,NaN,4947.302999999994,4909.040599999998,4860.1407,4936.692538466858
2024-02-05T12:30:00-05:00,4942.08,4948.81,4942.08,4945.09,NaN,NaN,NaN,NaN,4944.642999999995,4909.450199999998,4860.973249999999,4937.52113966154
2024-02-05T13:00:00-05:00,4945.17,4949.55,4941.2,4941.2,NaN,NaN,NaN,NaN,4941.375999999995,4909.774999999999,4861.80185,4938.138334163666
2024-02-05T13:30:00-05:00,4941.17,4946.7,4941.03,4946.52,NaN,NaN,NaN,NaN,4940.128999999994,4910.843999999998,4862.69155,4938.594867601785
2024-02-05T14:00:00-05:00,4946.5,4950.15,4943.82,4949.32,NaN,NaN,NaN,NaN,4939.198999999995,4912.073799999998,4863.63505,4939.139493640506
2024-02-05T14:30:00-05:00,4949.36,4956.34,4949.3,4954.97,NaN,NaN,NaN,NaN,4939.662999999995,4913.526599999998,4864.62995,4940.207503412748
2024-02-05T15:00:00-05:00,4954.86,4955.06,4940.94,4951.65,NaN,NaN,NaN,NaN,4941.933999999996,4914.857199999999,4865.557949999999,4940.835236477754
2024-02-05T15:30:00-05:00,4951.68,4954.16,4942,4942.2,NaN,NaN,NaN,1e+21,4943.768999999995,4916.036999999998,4866.485,4941.860681102991
2024-02-05T16:00:00-05:00,4942.62,4942.82,4942.6,4942.82,NaN,NaN,NaN,NaN,4945.220999999995,4917.133799999999,4867.43815,4942.001453999778
2024-02-06T09:30:00-05:00,4951.51,4957.77,4944.11,4944.26,NaN,NaN,NaN,NaN,4945.998999999995,4918.248999999999,4868.361449999999,4951.755723757879
2024-02-06T10:00:00-05:00,4943.97,4944.22,4934.88,4938.64,NaN,NaN,NaN,NaN,4945.666999999996,4919.284199999998,4869.270699999999,4946.524484374835
2024-02-06T10:30:00-05:00,4938.74,4945.57,4938.23,4942.53,NaN,NaN,NaN,NaN,4945.4109999999955,4920.349799999999,4870.1532,4945.450684865004
2024-02-06T11:00:00-05:00,4942.54,4948.11,4939.49,4947.23,NaN,1e+21,NaN,NaN,4946.013999999996,4921.769199999999,4871.059399999999,4945.174932717183
2024-02-06T11:30:00-05:00,4947.28,4948.38,4937.14,4937.9,NaN,NaN,NaN,NaN,4945.151999999996,4922.925799999999,4872.105599999999,4944.732724363033
2024-02-06T12:00:00-05:00,4937.86,4943.04,4935.43,4942.71,NaN,NaN,1e+21,NaN,4944.490999999996,4924.546599999999,4873.147149999999,4943.89930734258
2024-02-06T12:30:00-05:00,4942.69,4943.64,4938.9,4940.04,NaN,NaN,NaN,NaN,4942.997999999996,4926.4277999999995,4874.166699999999,4943.655020875651
2024-02-06T13:00:00-05:00,4940.1,4944.79,4939.19,4943.06,NaN,NaN,NaN,NaN,4942.138999999996,4928.375799999999,4875.1753499999995,4943.503979341378
2024-02-06T13:30:00-05:00,4943.18,4949.91,4943.18,4949.57,NaN,NaN,NaN,NaN,4942.875999999996,4930.043599999999,4876.233399999999,4943.818424547378
2024-02-06T14:00:00-05:00,4949.65,4949.94,4935.65,4939.93,NaN,NaN,NaN,NaN,4942.586999999997,4931.315799999999,4877.277349999999,4943.579259747903
2024-02-06T14:30:00-05:00,4939.89,4947.24,4937.32,4946.2,NaN,NaN,NaN,NaN,4942.780999999997,4933.126399999999,4878.344049999999,4943.466330909731
2024-02-06T15:00:00-05:00,4946.26,4949.51,4944.72,4946.1,NaN,NaN,NaN,NaN,4943.526999999996,4934.836599999999,4879.459649999999,4943.751651899995
2024-02-06T15:30:00-05:00,4946.06,4954.48,4941.01,4954.1,NaN,NaN,NaN,1e+21,4944.683999999997,4936.488999999999,4880.6185,4944.484526067286
2024-02-06T16:00:00-05:00,4954.21,4954.25,4954.15,4954.24,NaN,NaN,NaN,NaN,4945.384999999997,4937.982,4881.747799999999,4945.7965224672125
2024-02-07T09:30:00-05:00,4976.75,4979.13,4969.05,4973.71,NaN,NaN,NaN,NaN,4948.965999999997,4939.685999999999,4882.96195,4974.361269904678
2024-02-07T10:00:00-05:00,4973.75,4994.44,4970.22,4994.39,NaN,NaN,NaN,NaN,4954.133999999996,4941.871999999999,4884.3102499999995,4977.245112427951
2024-02-07T10:30:00-05:00,4994.51,4995.04,4985.58,4987.14,NaN,NaN,NaN,NaN,4958.843999999996,4943.874,4885.551399999999,4980.305099979223
2024-02-07T11:00:00-05:00,4987.18,4990.98,4983.43,4986.05,NaN,1e+21,NaN,NaN,4963.142999999996,4945.812999999999,4886.78555,4981.389112127342
2024-02-07T11:30:00-05:00,4986.13,4992.83,4983.87,4990.82,NaN,NaN,NaN,NaN,4967.267999999996,4947.6322,4887.96485,4982.132900337683
2024-02-07T12:00:00-05:00,4990.43,4992.95,4987.06,4988.21,NaN,NaN,1e+21,NaN,4972.095999999996,4949.360199999999,4889.1177,4983.024460083781
2024-02-07T12:30:00-05:00,4988.21,4990.58,4982.88,4990.25,NaN,NaN,NaN,NaN,4976.500999999997,4951.038199999999,4890.2744999999995,4983.391930821122
2024-02-07T13:00:00-05:00,4990.55,4996.45,4986.22,4996.45,NaN,NaN,NaN,NaN,4981.535999999996,4952.843599999999,4891.441349999999,4984.135702183367
2024-02-07T13:30:00-05:00,4997.12,4998.65,4991.66,4995.5,NaN,NaN,NaN,NaN,4985.675999999996,4954.337799999999,4892.615,4984.996055334175
2024-02-07T14:00:00-05:00,4995.59,4997.22,4993.39,4994.27,NaN,NaN,NaN,NaN,4989.678999999996,4955.747199999999,4893.82825,4985.727368742437
2024-02-07T14:30:00-05:00,4994.47,4998.45,4992.84,4997.83,NaN,NaN,NaN,NaN,4992.090999999997,4956.963199999999,4895.07925,4986.404548469473
2024-02-07T15:00:00-05:00,4997.82,4999.89,4994.48,4996.51,NaN,NaN,NaN,NaN,4992.302999999997,4958.005199999999,4896.3456,4987.298862227785
2024-02-07T15:30:00-05:00,4996.62,4997.73,4991.02,4994.92,NaN,NaN,NaN,1e+21,4993.0809999999965,4958.886799999999,4897.541549999999,4988.459919576387
2024-02-07T16:00:00-05:00,4995.1,4995.1,4995.05,4995.05,NaN,NaN,NaN,NaN,4993.980999999997,4959.612799999999,4898.655199999999,4989.472336727258
2024-02-08T09:30:00-05:00,4995.16,4997.49,4990.4,4994.03,NaN,NaN,NaN,NaN,4994.301999999998,4960.473599999999,4899.758199999999,4993.413477045917
2024-02-08T10:00:00-05:00,4993.81,4996.55,4991.07,4992.91,NaN,NaN,NaN,NaN,4994.771999999997,4961.2804,4900.8241499999995,4993.586597919904
2024-02-08T10:30:00-05:00,4992.95,4995.94,4988.08,4995.71,NaN,NaN,NaN,NaN,4995.3179999999975,4962.035799999999,4901.900449999999,4993.383353189915
2024-02-08T11:00:00-05:00,4995.88,4996,4987.09,4987.46,NaN,1e+21,NaN,NaN,4994.418999999998,4962.490399999999,4902.932999999999,4993.0232867585855
2024-02-08T11:30:00-05:00,4987.42,4992.84,4987.11,4992.33,NaN,NaN,NaN,NaN,4994.101999999997,4962.903199999999,4903.922,4992.636278145638
2024-02-08T12:00:00-05:00,4992.34,4995.41,4989.65,4994.64,NaN,NaN,1e+21,NaN,4994.138999999997,4963.3186,4904.9163,4992.607983012026
2024-02-08T12:30:00-05:00,4994.6,4995.16,4988.37,4989.66,NaN,NaN,NaN,NaN,4993.321999999997,4963.931999999999,4905.87175,4992.539609145951
2024-02-08T13:00:00-05:00,4989.64,4996.46,4989.5,4994.37,NaN,NaN,NaN,NaN,4993.107999999997,4964.646999999999,4906.8214,4992.628354976794
2024-02-08T13:30:00-05:00,4994.37,4997.31,4993.07,4995.16,NaN,NaN,NaN,NaN,4993.131999999997,4965.543599999999,4907.7753999999995,4992.8269121194735
2024-02-08T14:00:00-05:00,4995.29,4996.61,4992.14,4992.48,NaN,NaN,NaN,NaN,4992.874999999997,4966.814399999999,4908.6921999999995,4992.895792754635
2024-02-08T14:30:00-05:00,4992.49,4997.42,4989.76,4996.68,NaN,NaN,NaN,NaN,4993.139999999998,4968.270999999999,4909.5867499999995,4992.945744831714
2024-02-08T15:00:00-05:00,4996.66,4999.68,4996.43,4998.35,NaN,NaN,NaN,NaN,4993.6839999999975,4969.671999999999,4910.45245,4993.360455315833
2024-02-08T15:30:00-05:00,4998.34,5000.4,4992.86,4998.51,NaN,NaN,NaN,1e+21,4993.963999999998,4970.912599999999,4911.284,4993.959008291225
2024-02-08T16:00:00-05:00,4998.07,4998.07,4997.92,4997.92,NaN,NaN,NaN,NaN,4995.009999999998,4972.0318,4912.09675,4994.493760107895
2024-02-09T09:30:00-05:00,5004.17,5008.58,5000.34,5008.58,NaN,NaN,NaN,NaN,4996.6349999999975,4973.301599999999,4912.950150000001,5004.54032022423
2024-02-09T10:00:00-05:00,5009.09,5011.62,5005.83,5010.65,NaN,NaN,NaN,NaN,4998.235999999997,4974.690599999999,4913.81855,5006.3887118233415
2024-02-09T10:30:00-05:00,5010.92,5013.99,5009.5,5013.86,NaN,NaN,NaN,NaN,5000.655999999997,4976.037399999999,4914.69275,5008.027095609609
2024-02-09T11:00:00-05:00,5013.76,5015.9,5010.12,5011.14,NaN,1e+21,NaN,NaN,5002.332999999997,4977.273799999999,4915.54935,5009.084350483532
2024-02-09T11:30:00-05:00,5011.2,5012.81,5007.32,5010.03,NaN,NaN,NaN,NaN,5003.819999999998,4978.374999999999,4916.2663999999995,5009.292757075853
2024-02-09T12:00:00-05:00,5010.02,5015.14,5008.14,5015.14,NaN,NaN,1e+21,NaN,5006.0859999999975,4979.6448,4917.0416,5009.47408913692
2024-02-09T12:30:00-05:00,5015.14,5018.61,5013.2,5018.55,NaN,NaN,NaN,NaN,5008.272999999998,4981.1718,4917.87965,5010.157586514128
2024-02-09T13:00:00-05:00,5018.56,5021.81,5017.08,5021.15,NaN,NaN,NaN,NaN,5010.552999999998,4982.738399999999,4918.70455,5010.87680211108
2024-02-09T13:30:00-05:00,5021.18,5023.02,5018.98,5021.03,NaN,NaN,NaN,NaN,5012.8049999999985,4984.2738,4919.5274,5011.682277843795
2024-02-09T14:00:00-05:00,5021.06,5025.17,5020.43,5024.72,NaN,NaN,NaN,NaN,5015.484999999998,4985.995400000001,4920.376499999999,5012.436447149368
2024-02-09T14:30:00-05:00,5024.8,5030.06,5024.78,5026.41,NaN,NaN,NaN,NaN,5017.267999999997,4987.673000000001,4921.2412,5013.482051299059
2024-02-09T15:00:00-05:00,5026.47,5026.76,5021.91,5024.98,NaN,NaN,NaN,NaN,5018.700999999997,4989.228,4922.142150000001,5014.414916330308
2024-02-09T15:30:00-05:00,5024.72,5027.09,5020.84,5026.12,NaN,NaN,NaN,1e+21,5019.926999999997,4990.9924,4923.002,5016.098727974939
2024-02-09T16:00:00-05:00,5026.27,5026.62,5026.27,5026.62,NaN,NaN,NaN,NaN,5021.474999999997,4992.6706,4923.8773,5017.5214177289245
2024-02-12T09:30:00-05:00,5026.82,5028.35,5024.79,5028.03,NaN,NaN,NaN,NaN,5023.274999999997,4994.4304,4924.7570000000005,5026.774950547353
2024-02-12T10:00:00-05:00,5028.29,5028.29,5023.98,5026.86,NaN,NaN,NaN,NaN,5024.446999999997,4996.106400000001,4925.607300000001,5026.451419168527
2024-02-12T10:30:00-05:00,5026.87,5035.31,5026.87,5034.76,NaN,NaN,NaN,NaN,5026.0679999999975,4997.8102,4926.52865,5027.672959554135
2024-02-12T11:00:00-05:00,5034.79,5042.78,5032.59,5042.13,NaN,1e+21,NaN,NaN,5028.165999999997,4999.8542,4927.4871,5029.510242885201
2024-02-12T11:30:00-05:00,5042.32,5048.39,5042.09,5046.31,NaN,NaN,NaN,NaN,5030.693999999997,5001.856400000001,4928.4412,5031.976171028635
2024-02-12T12:00:00-05:00,5046.38,5048.21,5040.8,5042.77,NaN,NaN,1e+21,NaN,5032.498999999997,5003.7898000000005,4929.38455,5033.67763715613
2024-02-12T12:30:00-05:00,5042.78,5045.91,5040.7,5045.91,NaN,NaN,NaN,NaN,5034.448999999998,5005.626,4930.375100000001,5034.560406272062
2024-02-12T13:00:00-05:00,5045.87,5047.91,5039.25,5039.32,NaN,NaN,NaN,NaN,5035.882999999997,5007.3276000000005,4931.342250000001,5035.5351120490595
2024-02-12T13:30:00-05:00,5039.29,5039.44,5030.45,5034.9,NaN,NaN,NaN,NaN,5036.760999999997,5008.551399999999,4932.2628,5035.407818165832
2024-02-12T14:00:00-05:00,5034.87,5035.21,5016.83,5024.75,NaN,NaN,NaN,NaN,5036.573999999997,5009.1586,4933.1477,5034.695609222873
2024-02-12T14:30:00-05:00,5024.73,5026.66,5018.1,5019.26,NaN,NaN,NaN,NaN,5035.696999999997,5009.8009999999995,4933.969800000001,5033.818348086622
2024-02-12T15:00:00-05:00,5019.24,5025.18,5018.99,5023.09,NaN,NaN,NaN,NaN,5035.319999999997,5010.5418,4934.820500000001,5032.989702347481
2024-02-12T15:30:00-05:00,5023.11,5025.85,5019.24,5022.46,NaN,NaN,NaN,1e+21,5034.0899999999965,5011.174599999999,4935.656150000001,5031.139386860975
2024-02-12T16:00:00-05:00,5022.2,5022.23,5021.83,5021.83,NaN,NaN,NaN,NaN,5032.059999999996,5011.847,4936.497950000001,5029.777158308009
2024-02-13T09:30:00-05:00,4954.6,4963.55,4949.27,4951.58,NaN,NaN,NaN,NaN,5022.586999999997,5011.0736,4936.96165,4956.02744124493
2024-02-13T10:00:00-05:00,4951.64,4962.24,4945.53,4962.18,NaN,NaN,NaN,NaN,5014.527999999997,5010.388199999999,4937.4616000000005,4954.331653691693
2024-02-13T10:30:00-05:00,4962.52,4965.95,4958.42,4958.67,NaN,NaN,NaN,NaN,5005.803999999996,5009.651599999999,4937.93465,4956.951453844631
2024-02-13T11:00:00-05:00,4958.8,4970.19,4958.8,4968.67,NaN,1e+21,NaN,NaN,4998.738999999997,5009.1395999999995,4938.45495,4958.565464338595
2024-02-13T11:30:00-05:00,4968.64,4971.3,4962.9,4964.13,NaN,NaN,NaN,NaN,4991.661999999997,5008.4655999999995,4938.84025,4959.750289377373
2024-02-13T12:00:00-05:00,4964.07,4964.47,4957.22,4958.29,NaN,NaN,1e+21,NaN,4985.015999999997,5007.7011999999995,4939.1773,4959.910854418853
2024-02-13T12:30:00-05:00,4958.29,4966.21,4954.64,4956.04,NaN,NaN,NaN,NaN,4978.693999999997,5006.923599999999,4939.481750000001,4960.035683009842
2024-02-13T13:00:00-05:00,4956.09,4957.49,4953.3,4955.59,NaN,NaN,NaN,NaN,4971.943999999997,5006.134399999999,4939.7836,4959.642800272618
2024-02-13T13:30:00-05:00,4955.56,4955.87,4946.65,4948.93,NaN,NaN,NaN,NaN,4964.590999999997,5005.2324,4940.03295,4958.964250604507
2024-02-13T14:00:00-05:00,4948.88,4948.88,4931.19,4934.52,NaN,NaN,NaN,NaN,4955.859999999997,5004.064600000001,4940.21095,4957.129241219292
2024-02-13T14:30:00-05:00,4934.5,4942.3,4924.01,4926.29,NaN,NaN,NaN,NaN,4953.3309999999965,5002.6762,4940.32665,4955.203463194577
2024-02-13T15:00:00-05:00,4926.36,4928.03,4920.31,4926.4,NaN,NaN,NaN,NaN,4949.752999999997,5001.455,4940.479,4952.406618473691
2024-02-13T15:30:00-05:00,4926.3,4953.78,4925.24,4953.69,NaN,NaN,NaN,1e+21,4949.2549999999965,5000.6822,4940.8028,4950.596203028491
2024-02-13T16:00:00-05:00,4953.78,4953.78,4953.13,4953.16,NaN,NaN,NaN,NaN,4947.703999999997,4999.852600000001,4941.1801000000005,4950.976100417172
2024-02-14T09:30:00-05:00,4978.98,4984.98,4970.84,4980.67,NaN,NaN,NaN,NaN,4949.357999999997,4999.6728,4941.679099999999,4978.820337889085
2024-02-14T10:00:00-05:00,4982.52,4991.85,4978.39,4989.04,NaN,NaN,NaN,NaN,4952.432999999997,4999.5662,4942.2720500000005,4980.87747171648
2024-02-14T10:30:00-05:00,4989.25,4990.64,4971.62,4971.62,NaN,NaN,NaN,NaN,4953.990999999996,4999.0954,4942.78505,4981.124187500527
2024-02-14T11:00:00-05:00,4969.59,4975.08,4963.98,4974.11,NaN,1e+21,NaN,NaN,4955.842999999997,4998.728,4943.3129,4978.971270412102
2024-02-14T11:30:00-05:00,4974.17,4975.57,4965.44,4965.44,NaN,NaN,NaN,NaN,4957.493999999997,4998.1032000000005,4943.7035,4977.900964742172
2024-02-14T12:00:00-05:00,4965.51,4971.94,4956.45,4971.89,NaN,NaN,1e+21,NaN,4961.230999999997,4997.5740000000005,4944.0836,4976.388613142823
2024-02-14T12:30:00-05:00,4971.95,4975.41,4970.83,4974,NaN,NaN,NaN,NaN,4966.001999999997,4997.0838,4944.51725,4976.085822207043
2024-02-14T13:00:00-05:00,4974.07,4977.29,4967.13,4971.17,NaN,NaN,NaN,NaN,4970.478999999997,4996.5488000000005,4944.90685,4975.718601542302
2024-02-14T13:30:00-05:00,4971.33,4983.09,4971.2,4978.02,NaN,NaN,NaN,NaN,4972.911999999997,4995.937600000001,4945.34005,4975.983205272938
2024-02-14T14:00:00-05:00,4978.21,4979.61,4965.19,4979,NaN,NaN,NaN,NaN,4975.495999999997,4995.3046,4945.82585,4975.686089944234
2024-02-14T14:30:00-05:00,4979.08,4983.1,4977.2,4981.34,NaN,NaN,NaN,NaN,4975.5629999999965,4994.654200000001,4946.327200000001,4976.014146573366
2024-02-14T15:00:00-05:00,4981.39,4993.98,4979.06,4992.4,NaN,NaN,NaN,NaN,4975.898999999997,4994.2794,4946.89925,4976.918854888689
2024-02-14T15:30:00-05:00,4992.48,5002.4,4987.48,5002.23,NaN,NaN,NaN,1e+21,4978.959999999996,4994.1234,4947.53725,4980.532408481675
2024-02-14T16:00:00-05:00,5002.52,5002.52,5000.14,5000.63,NaN,NaN,NaN,NaN,4981.611999999996,4993.833200000001,4948.15585,4983.811880422442
2024-02-15T09:30:00-05:00,5004.86,5015.58,5002.56,5007.25,NaN,NaN,NaN,NaN,4985.792999999997,4993.6072,4948.78355,5008.8611797789235
2024-02-15T10:00:00-05:00,5007.74,5016.47,5006.91,5007.48,NaN,NaN,NaN,NaN,4989.351999999997,4993.3338,4949.41775,5010.043063457951
2024-02-15T10:30:00-05:00,5007.55,5010.6,5004.31,5009.31,NaN,NaN,NaN,NaN,4992.882999999997,4993.0994,4949.9891,5009.539176629737
2024-02-15T11:00:00-05:00,5009.28,5010.33,4999.44,5005.78,NaN,1e+21,NaN,NaN,4996.343999999997,4992.720600000001,4950.547149999999,5008.5383980829765
2024-02-15T11:30:00-05:00,5005.76,5012.58,5004.63,5009.5,NaN,NaN,NaN,NaN,4999.4919999999975,4992.3824,4951.132,5008.569655196077
2024-02-15T12:00:00-05:00,5009.46,5015.96,5008.12,5015.55,NaN,NaN,1e+21,NaN,5003.146999999998,4992.1938,4951.7228,5008.950357846695
2024-02-15T12:30:00-05:00,5015.61,5017.36,5011.67,5011.88,NaN,NaN,NaN,NaN,5006.200999999997,4991.909000000001,4952.25215,5009.473229403357
2024-02-15T13:00:00-05:00,5011.89,5025.53,5010.92,5025.49,NaN,NaN,NaN,NaN,5009.5099999999975,4991.8864,4952.8676000000005,5010.383396646093
2024-02-15T13:30:00-05:00,5025.53,5027.58,5020.82,5024.49,NaN,NaN,NaN,NaN,5011.735999999997,4991.815600000001,4953.47595,5011.444667023067
2024-02-15T14:00:00-05:00,5024.55,5028.51,5021.06,5026.07,NaN,NaN,NaN,NaN,5014.279999999997,4991.799800000001,4954.10935,5012.469675333453
2024-02-15T14:30:00-05:00,5026.13,5032.72,5025.62,5029.65,NaN,NaN,NaN,NaN,5016.519999999998,4991.6976,4954.828399999999,5013.628980566313
2024-02-15T15:00:00-05:00,5029.87,5029.94,5023.04,5027.26,NaN,NaN,NaN,NaN,5018.497999999998,4991.400200000001,4955.518549999999,5014.679207613759
2024-02-15T15:30:00-05:00,5027.17,5031.06,5022.58,5030.15,NaN,NaN,NaN,1e+21,5020.581999999997,4991.077000000001,4956.242799999999,5017.00627554113
2024-02-15T16:00:00-05:00,5030.29,5030.29,5029.72,5029.72,NaN,NaN,NaN,NaN,5022.975999999997,4990.816000000001,4956.954349999999,5018.664889711226
2024-02-16T09:30:00-05:00,5029.46,5029.49,5003.72,5006.96,NaN,NaN,NaN,NaN,5022.721999999997,4990.037000000001,4957.512849999999,5017.273270950871
2024-02-16T10:00:00-05:00,5005,5015.72,4999.52,5012.95,NaN,NaN,NaN,NaN,5022.461999999998,4989.509600000001,4958.127199999999,5014.282133640318
2024-02-16T10:30:00-05:00,5012.96,5021.96,5008.84,5019.93,NaN,NaN,NaN,NaN,5023.266999999997,4989.2102,4958.776549999999,5014.977634788014
2024-02-16T11:00:00-05:00,5020.06,5030.84,5020.01,5029.49,NaN,1e+21,NaN,NaN,5023.666999999997,4989.305000000001,4959.4692,5017.1714486495
2024-02-16T11:30:00-05:00,5029.52,5035.2,5027.31,5032.82,NaN,NaN,NaN,NaN,5024.499999999997,4989.576200000001,4960.150999999999,5019.236986412287
2024-02-16T12:00:00-05:00,5032.74,5033.91,5028.43,5032.57,NaN,NaN,1e+21,NaN,5025.149999999997,4989.765800000001,4960.852349999999,5020.5347214394105
2024-02-16T12:30:00-05:00,5032.53,5033.27,5027.15,5028.73,NaN,NaN,NaN,NaN,5025.057999999997,4989.891200000001,4961.5518999999995,5021.3813793837835
2024-02-16T13:00:00-05:00,5028.68,5028.77,5018.03,5026.79,NaN,NaN,NaN,NaN,5025.010999999997,4989.990400000001,4962.21815,5021.553040154346
2024-02-16T13:30:00-05:00,5026.71,5033.68,5026.34,5033.68,NaN,NaN,NaN,NaN,5025.363999999996,4991.632400000001,4962.900849999999,5022.142742086488
2024-02-16T14:00:00-05:00,5033.73,5038.7,5033.73,5036.68,NaN,NaN,NaN,NaN,5026.059999999997,4993.122400000001,4963.593349999999,5023.278170433878
2024-02-16T14:30:00-05:00,5036.63,5037.34,5010.75,5015.7,NaN,NaN,NaN,NaN,5026.933999999997,4994.263000000001,4964.184149999999,5023.239825156105
2024-02-16T15:00:00-05:00,5015.74,5017.25,5010.84,5016.11,NaN,NaN,NaN,NaN,5027.249999999996,4995.211800000001,4964.7652499999995,5022.504333244177
2024-02-16T15:30:00-05:00,5016.35,5017.21,5000.51,5004.59,NaN,NaN,NaN,1e+21,5025.715999999997,4996.021000000001,4965.3000999999995,5019.433511415203
2024-02-16T16:00:00-05:00,5005.48,5005.57,5005.48,5005.56,NaN,NaN,NaN,NaN,5023.322999999997,4996.966400000001,4965.810299999999,5017.214309412325
2024-02-20T09:30:00-05:00,4985.57,4993.71,4972.03,4976.59,NaN,NaN,NaN,NaN,5017.699999999997,4997.377400000001,4966.169499999999,4981.270106847325
2024-02-20T10:00:00-05:00,4976.29,4976.95,4968.71,4971.6,NaN,NaN,NaN,NaN,5011.602999999997,4997.697600000001,4966.401999999999,4977.663743149973
2024-02-20T10:30:00-05:00,4971.69,4980.21,4967.4,4979.84,NaN,NaN,NaN,NaN,5006.713999999997,4998.315800000002,4966.660149999999,4976.614242880043
2024-02-20T11:00:00-05:00,4979.92,4982.85,4975.75,4979.01,NaN,1e+21,NaN,NaN,5001.935999999997,4999.205600000002,4966.915499999999,4976.968224200309
2024-02-20T11:30:00-05:00,4979.01,4979.31,4966.87,4967.1,NaN,NaN,NaN,NaN,4995.277999999997,5000.021800000001,4967.108899999999,4976.4429980854775
2024-02-20T12:00:00-05:00,4967.05,4967.25,4957.78,4960.26,NaN,NaN,1e+21,NaN,4987.635999999997,5000.699000000001,4967.295199999999,4974.64805539559
2024-02-20T12:30:00-05:00,4960.2,4965.84,4955.02,4964.91,NaN,NaN,NaN,NaN,4982.556999999998,5000.9234000000015,4967.510799999999,4973.433836974677
2024-02-20T13:00:00-05:00,4964.81,4969.2,4959.59,4961.87,NaN,NaN,NaN,NaN,4977.132999999997,5001.097600000001,4967.691549999999,4972.674569770072
2024-02-20T13:30:00-05:00,4961.87,4968.88,4957.72,4968.55,NaN,NaN,NaN,NaN,4973.528999999998,5000.855200000002,4967.891349999998,4972.01885557138
2024-02-20T14:00:00-05:00,4968.61,4970.01,4962.5,4969.45,NaN,NaN,NaN,NaN,4969.917999999998,5000.4634000000015,4968.134099999998,4971.643456241616
2024-02-20T14:30:00-05:00,4969.55,4977.33,4967.05,4976.71,NaN,NaN,NaN,NaN,4969.929999999998,5000.565200000001,4968.422499999999,4971.69791968699
2024-02-20T15:00:00-05:00,4977.28,4978.36,4972.56,4976.96,NaN,NaN,NaN,NaN,4970.465999999998,5000.622200000001,4968.686949999999,4971.986000167336
2024-02-20T15:30:00-05:00,4977.77,4978.04,4961.6,4975.85,NaN,NaN,NaN,1e+21,4970.066999999997,5000.830400000001,4968.9547999999995,4971.702373033933
2024-02-20T16:00:00-05:00,4976.07,4976.07,4975.52,4975.52,NaN,NaN,NaN,NaN,4969.717999999997,5000.903000000002,4969.195849999999,4972.329459047364